layer,type,level,polytilesetname,polylayername,pointtilesetname,pointlayername,id,feature_id,wikidata_id,worldview,unit_code,name,name_en,names,description,source_date,iso_3166_1_alpha_3,iso_3166_1,grouping_attributes,join_attributes,parent_1,parent_2,parent_3,parent_4,z_min,area_sqkm,centroid,bounds
pos3,postal,3,mapbox.boundaries-pos3-v3,boundaries_postal_3,mapbox.boundaries-posPoints-v3,points_postal_3,USP300,1582825,,all,00,,,,2-digit postcode area,2018,USA,US,,,,,,,0,0,"[-73.0467,40.8168]","[-73.0469,40.8167,-73.0446,40.8171]"
pos3,postal,3,mapbox.boundaries-pos3-v3,boundaries_postal_3,mapbox.boundaries-posPoints-v3,points_postal_3,USP301,1517289,,all,01,,,,2-digit postcode area,2018,USA,US,,,,,,,0,19888,"[-72.3233,42.4438]","[-73.5082,41.9977,-70.5728,42.8868]"
pos3,postal,3,mapbox.boundaries-pos3-v3,boundaries_postal_3,mapbox.boundaries-posPoints-v3,points_postal_3,USP302,1451753,,all,02,,,,2-digit postcode area,2018,USA,US,,,,,,,0,12097,"[-71.1711,41.9055]","[-71.8865,41.1464,-69.9288,42.5035]"
pos3,postal,3,mapbox.boundaries-pos3-v3,boundaries_postal_3,mapbox.boundaries-posPoints-v3,points_postal_3,USP303,1386217,,all,03,,,,2-digit postcode area,2018,USA,US,,,,,,,0,35087,"[-71.5381,44.0374]","[-72.5571,42.697,-70.5756,45.3477]"
pos3,postal,3,mapbox.boundaries-pos3-v3,boundaries_postal_3,mapbox.boundaries-posPoints-v3,points_postal_3,USP304,1320681,,all,04,,,,2-digit postcode area,2018,USA,US,,,,,,,0,117728,"[-69.0354,45.3974]","[-71.0833,43.2568,-66.9496,47.4599]"
pos3,postal,3,mapbox.boundaries-pos3-v3,boundaries_postal_3,mapbox.boundaries-posPoints-v3,points_postal_3,USP305,1255145,,all,05,,,,2-digit postcode area,2018,USA,US,,,,,,,0,33805,"[-72.7757,43.8856]","[-73.4312,42.7269,-71.464,45.021]"
pos3,postal,3,mapbox.boundaries-pos3-v3,boundaries_postal_3,mapbox.boundaries-posPoints-v3,points_postal_3,USP306,1189609,,all,06,,,,2-digit postcode area,2018,USA,US,,,,,,,0,17258,"[-72.8052,41.5196]","[-73.7278,40.9805,-71.7527,42.0505]"
pos3,postal,3,mapbox.boundaries-pos3-v3,boundaries_postal_3,mapbox.boundaries-posPoints-v3,points_postal_3,USP307,4400873,,all,07,,,,2-digit postcode area,2018,USA,US,,,,,,,0,8778,"[-74.515,40.9476]","[-75.1356,40.0989,-73.9027,41.3574]"
pos3,postal,3,mapbox.boundaries-pos3-v3,boundaries_postal_3,mapbox.boundaries-posPoints-v3,points_postal_3,USP308,4335337,,all,08,,,,2-digit postcode area,2018,USA,US,,,,,,,0,16739,"[-74.6721,39.8655]","[-75.5713,38.9286,-74.0256,40.7899]"
pos3,postal,3,mapbox.boundaries-pos3-v3,boundaries_postal_3,mapbox.boundaries-posPoints-v3,points_postal_3,USP310,6235881,,all,10,,,,2-digit postcode area,2018,USA,US,,,,,,,0,5169,"[-74.1051,41.1657]","[-74.6076,40.4962,-73.4827,41.5885]"
pos3,postal,3,mapbox.boundaries-pos3-v3,boundaries_postal_3,mapbox.boundaries-posPoints-v3,points_postal_3,USP311,6170345,,all,11,,,,2-digit postcode area,2018,USA,US,,,,,,,0,4692,"[-73.0981,40.8529]","[-74.0419,40.5429,-71.8563,41.2068]"
pos3,postal,3,mapbox.boundaries-pos3-v3,boundaries_postal_3,mapbox.boundaries-posPoints-v3,points_postal_3,USP312,6104809,,all,12,,,,2-digit postcode area,2018,USA,US,,,,,,,0,60547,"[-73.9091,43.1925]","[-75.1824,41.3175,-73.2416,45.0107]"
pos3,postal,3,mapbox.boundaries-pos3-v3,boundaries_postal_3,mapbox.boundaries-posPoints-v3,points_postal_3,USP313,6039273,,all,13,,,,2-digit postcode area,2018,USA,US,,,,,,,0,57729,"[-75.5925,43.4511]","[-76.9635,41.8575,-74.446,45.0129]"
pos3,postal,3,mapbox.boundaries-pos3-v3,boundaries_postal_3,mapbox.boundaries-posPoints-v3,points_postal_3,USP314,5973737,,all,14,,,,2-digit postcode area,2018,USA,US,,,,,,,0,42922,"[-77.8762,42.6889]","[-79.7621,41.9942,-76.2696,43.3763]"
pos3,postal,3,mapbox.boundaries-pos3-v3,boundaries_postal_3,mapbox.boundaries-posPoints-v3,points_postal_3,USP315,5908201,,all,15,,,,2-digit postcode area,2018,USA,US,,,,,,,0,33309,"[-79.0459,40.7082]","[-80.5399,39.7145,-77.9885,41.6874]"
pos3,postal,3,mapbox.boundaries-pos3-v3,boundaries_postal_3,mapbox.boundaries-posPoints-v3,points_postal_3,USP316,5842665,,all,16,,,,2-digit postcode area,2018,USA,US,,,,,,,0,48467,"[-79.7124,41.4535]","[-80.5194,40.0262,-76.5953,42.2693]"
pos3,postal,3,mapbox.boundaries-pos3-v3,boundaries_postal_3,mapbox.boundaries-posPoints-v3,points_postal_3,USP317,5711593,,all,17,,,,2-digit postcode area,2018,USA,US,,,,,,,0,39019,"[-76.8792,40.7264]","[-78.5184,39.7198,-75.8389,41.718]"
pos3,postal,3,mapbox.boundaries-pos3-v3,boundaries_postal_3,mapbox.boundaries-posPoints-v3,points_postal_3,USP318,2631401,,all,18,,,,2-digit postcode area,2018,USA,US,,,,,,,0,25832,"[-75.6742,41.0826]","[-76.7805,40.1514,-74.6895,42.0059]"
pos3,postal,3,mapbox.boundaries-pos3-v3,boundaries_postal_3,mapbox.boundaries-posPoints-v3,points_postal_3,USP319,2500329,,all,19,,,,2-digit postcode area,2018,USA,US,,,,,,,0,15000,"[-75.6861,39.5817]","[-76.4402,38.4504,-74.7215,40.6941]"
pos3,postal,3,mapbox.boundaries-pos3-v3,boundaries_postal_3,mapbox.boundaries-posPoints-v3,points_postal_3,USP320,3221225,,all,20,,,,2-digit postcode area,2018,USA,US,,,,,,,0,12322,"[-77.7322,38.6876]","[-78.1038,38.0379,-76.3193,39.3314]"
pos3,postal,3,mapbox.boundaries-pos3-v3,boundaries_postal_3,mapbox.boundaries-posPoints-v3,points_postal_3,USP321,4269801,,all,21,,,,2-digit postcode area,2018,USA,US,,,,,,,0,25502,"[-76.826,39.297]","[-79.4932,37.9121,-75.0493,39.723]"
pos3,postal,3,mapbox.boundaries-pos3-v3,boundaries_postal_3,mapbox.boundaries-posPoints-v3,points_postal_3,USP322,4204265,,all,22,,,,2-digit postcode area,2018,USA,US,,,,,,,0,27890,"[-78.4271,38.5433]","[-79.3131,37.6086,-76.2368,39.466]"
pos3,postal,3,mapbox.boundaries-pos3-v3,boundaries_postal_3,mapbox.boundaries-posPoints-v3,points_postal_3,USP323,4138729,,all,23,,,,2-digit postcode area,2018,USA,US,,,,,,,0,41075,"[-77.6489,37.3628]","[-78.9038,36.541,-75.2424,38.1756]"
pos3,postal,3,mapbox.boundaries-pos3-v3,boundaries_postal_3,mapbox.boundaries-posPoints-v3,points_postal_3,USP324,4073193,,all,24,,,,2-digit postcode area,2018,USA,US,,,,,,,0,67841,"[-79.7332,37.6158]","[-83.6754,36.5372,-78.35,38.679]"
pos3,postal,3,mapbox.boundaries-pos3-v3,boundaries_postal_3,mapbox.boundaries-posPoints-v3,points_postal_3,USP325,4007657,,all,25,,,,2-digit postcode area,2018,USA,US,,,,,,,0,28262,"[-81.9185,38.2319]","[-82.6446,37.4253,-77.7195,39.696]"
pos3,postal,3,mapbox.boundaries-pos3-v3,boundaries_postal_3,mapbox.boundaries-posPoints-v3,points_postal_3,USP326,3942121,,all,26,,,,2-digit postcode area,2018,USA,US,,,,,,,0,40858,"[-80.4057,39.3576]","[-81.8403,38.0528,-78.339,40.6388]"
pos3,postal,3,mapbox.boundaries-pos3-v3,boundaries_postal_3,mapbox.boundaries-posPoints-v3,points_postal_3,USP327,3876585,,all,27,,,,2-digit postcode area,2018,USA,US,,,,,,,0,68331,"[-78.4062,35.8302]","[-80.9736,35.0663,-75.461,36.5707]"
pos3,postal,3,mapbox.boundaries-pos3-v3,boundaries_postal_3,mapbox.boundaries-posPoints-v3,points_postal_3,USP328,3811049,,all,28,,,,2-digit postcode area,2018,USA,US,,,,,,,0,88180,"[-82.1795,35.2269]","[-84.3218,33.8344,-76.0389,36.5881]"
pos3,postal,3,mapbox.boundaries-pos3-v3,boundaries_postal_3,mapbox.boundaries-posPoints-v3,points_postal_3,USP329,6301417,,all,29,,,,2-digit postcode area,2018,USA,US,,,,,,,0,97074,"[-80.568,33.6408]","[-83.3539,32.0374,-78.5472,35.2155]"
pos3,postal,3,mapbox.boundaries-pos3-v3,boundaries_postal_3,mapbox.boundaries-posPoints-v3,points_postal_3,USP330,272105,,all,30,,,,2-digit postcode area,2018,USA,US,,,,,,,0,81597,"[-84.5241,33.4068]","[-85.6052,31.7826,-81.3892,35.0013]"
pos3,postal,3,mapbox.boundaries-pos3-v3,boundaries_postal_3,mapbox.boundaries-posPoints-v3,points_postal_3,USP331,141033,,all,31,,,,2-digit postcode area,2018,USA,US,,,,,,,0,88372,"[-83.3611,31.9329]","[-85.1921,30.3558,-80.8403,33.9869]"
pos3,postal,3,mapbox.boundaries-pos3-v3,boundaries_postal_3,mapbox.boundaries-posPoints-v3,points_postal_3,USP332,1124073,,all,32,,,,2-digit postcode area,2018,USA,US,,,,,,,0,88509,"[-81.2863,29.2996]","[-87.6348,27.5572,-80.3214,31.0127]"
pos3,postal,3,mapbox.boundaries-pos3-v3,boundaries_postal_3,mapbox.boundaries-posPoints-v3,points_postal_3,USP333,1058537,,all,33,,,,2-digit postcode area,2018,USA,US,,,,,,,0,45679,"[-81.5219,26.9734]","[-82.9264,24.5211,-80.0312,28.9605]"
pos3,postal,3,mapbox.boundaries-pos3-v3,boundaries_postal_3,mapbox.boundaries-posPoints-v3,points_postal_3,USP334,993001,,all,34,,,,2-digit postcode area,2018,USA,US,,,,,,,0,33265,"[-81.1993,28.1367]","[-82.8577,25.7845,-80.1491,29.3395]"
pos3,postal,3,mapbox.boundaries-pos3-v3,boundaries_postal_3,mapbox.boundaries-posPoints-v3,points_postal_3,USP335,927465,,all,35,,,,2-digit postcode area,2018,USA,US,,,,,,,0,68777,"[-87.1955,33.7147]","[-88.386,32.4008,-85.4192,35.008]"
pos3,postal,3,mapbox.boundaries-pos3-v3,boundaries_postal_3,mapbox.boundaries-posPoints-v3,points_postal_3,USP336,796393,,all,36,,,,2-digit postcode area,2018,USA,US,,,,,,,0,90691,"[-86.7175,32.1842]","[-88.4732,30.1941,-84.8882,34.1027]"
pos3,postal,3,mapbox.boundaries-pos3-v3,boundaries_postal_3,mapbox.boundaries-posPoints-v3,points_postal_3,USP337,665321,,all,37,,,,2-digit postcode area,2018,USA,US,,,,,,,0,79415,"[-83.9008,35.8311]","[-90.0182,34.9607,-81.6504,36.692]"
pos3,postal,3,mapbox.boundaries-pos3-v3,boundaries_postal_3,mapbox.boundaries-posPoints-v3,points_postal_3,USP338,534249,,all,38,,,,2-digit postcode area,2018,USA,US,,,,,,,0,104962,"[-89.2859,34.7622]","[-91.2359,32.8994,-84.6196,36.6336]"
pos3,postal,3,mapbox.boundaries-pos3-v3,boundaries_postal_3,mapbox.boundaries-posPoints-v3,points_postal_3,USP339,403177,,all,39,,,,2-digit postcode area,2018,USA,US,,,,,,,0,109971,"[-89.7379,32.1195]","[-91.655,30.1768,-84.0729,34.0226]"
pos3,postal,3,mapbox.boundaries-pos3-v3,boundaries_postal_3,mapbox.boundaries-posPoints-v3,points_postal_3,USP340,4990697,,all,40,,,,2-digit postcode area,2018,USA,US,,,,,,,0,42623,"[-84.7125,37.6323]","[-86.6779,36.5104,-82.7167,38.7375]"
pos3,postal,3,mapbox.boundaries-pos3-v3,boundaries_postal_3,mapbox.boundaries-posPoints-v3,points_postal_3,USP341,4859625,,all,41,,,,2-digit postcode area,2018,USA,US,,,,,,,0,31035,"[-82.9593,38.0592]","[-85.3331,36.9542,-81.9648,39.1477]"
pos3,postal,3,mapbox.boundaries-pos3-v3,boundaries_postal_3,mapbox.boundaries-posPoints-v3,points_postal_3,USP342,4728553,,all,42,,,,2-digit postcode area,2018,USA,US,,,,,,,0,58668,"[-86.4552,37.2525]","[-89.4173,36.4971,-84.2268,37.9994]"
pos3,postal,3,mapbox.boundaries-pos3-v3,boundaries_postal_3,mapbox.boundaries-posPoints-v3,points_postal_3,USP343,5777129,,all,43,,,,2-digit postcode area,2018,USA,US,,,,,,,0,51838,"[-82.317,40.1828]","[-84.8062,39.326,-80.5189,41.7329]"
pos3,postal,3,mapbox.boundaries-pos3-v3,boundaries_postal_3,mapbox.boundaries-posPoints-v3,points_postal_3,USP344,5646057,,all,44,,,,2-digit postcode area,2018,USA,US,,,,,,,0,35974,"[-82.0561,41.0959]","[-83.6116,40.2022,-80.5182,41.9773]"
pos3,postal,3,mapbox.boundaries-pos3-v3,boundaries_postal_3,mapbox.boundaries-posPoints-v3,points_postal_3,USP345,5580521,,all,45,,,,2-digit postcode area,2018,USA,US,,,,,,,0,52458,"[-84.1891,39.8492]","[-84.8203,38.4034,-80.9882,41.266]"
pos3,postal,3,mapbox.boundaries-pos3-v3,boundaries_postal_3,mapbox.boundaries-posPoints-v3,points_postal_3,USP346,5449449,,all,46,,,,2-digit postcode area,2018,USA,US,,,,,,,0,53981,"[-86.0707,40.5197]","[-87.5279,39.2558,-84.8021,41.7607]"
pos3,postal,3,mapbox.boundaries-pos3-v3,boundaries_postal_3,mapbox.boundaries-posPoints-v3,points_postal_3,USP347,5318377,,all,47,,,,2-digit postcode area,2018,USA,US,,,,,,,0,68349,"[-87.2731,39.4928]","[-88.0979,37.7717,-84.7846,41.1723]"
pos3,postal,3,mapbox.boundaries-pos3-v3,boundaries_postal_3,mapbox.boundaries-posPoints-v3,points_postal_3,USP348,5252841,,all,48,,,,2-digit postcode area,2018,USA,US,,,,,,,0,67025,"[-83.8977,43.3396]","[-85.4111,41.7275,-82.4183,44.9096]"
pos3,postal,3,mapbox.boundaries-pos3-v3,boundaries_postal_3,mapbox.boundaries-posPoints-v3,points_postal_3,USP349,5121769,,all,49,,,,2-digit postcode area,2018,USA,US,,,,,,,0,145525,"[-85.7419,43.7772]","[-90.4184,41.6951,-83.1912,47.4803]"
pos3,postal,3,mapbox.boundaries-pos3-v3,boundaries_postal_3,mapbox.boundaries-posPoints-v3,points_postal_3,USP350,3090153,,all,50,,,,2-digit postcode area,2018,USA,US,,,,,,,0,90999,"[-93.5715,42.0122]","[-95.2896,40.4858,-91.5427,43.5012]"
pos3,postal,3,mapbox.boundaries-pos3-v3,boundaries_postal_3,mapbox.boundaries-posPoints-v3,points_postal_3,USP351,2959081,,all,51,,,,2-digit postcode area,2018,USA,US,,,,,,,0,47258,"[-95.3582,42.04]","[-96.786,40.5216,-94.4364,43.5227]"
pos3,postal,3,mapbox.boundaries-pos3-v3,boundaries_postal_3,mapbox.boundaries-posPoints-v3,points_postal_3,USP352,2828009,,all,52,,,,2-digit postcode area,2018,USA,US,,,,,,,0,58850,"[-91.43,41.9572]","[-93.2124,40.3754,-90.1401,43.501]"
pos3,postal,3,mapbox.boundaries-pos3-v3,boundaries_postal_3,mapbox.boundaries-posPoints-v3,points_postal_3,USP353,2696937,,all,53,,,,2-digit postcode area,2018,USA,US,,,,,,,0,51018,"[-89.2682,43.3072]","[-91.1767,42.4919,-87.6871,44.1119]"
pos3,postal,3,mapbox.boundaries-pos3-v3,boundaries_postal_3,mapbox.boundaries-posPoints-v3,points_postal_3,USP354,3745513,,all,54,,,,2-digit postcode area,2018,USA,US,,,,,,,0,153328,"[-90.2035,45.0744]","[-92.8894,43.1214,-86.764,47.0807]"
pos3,postal,3,mapbox.boundaries-pos3-v3,boundaries_postal_3,mapbox.boundaries-posPoints-v3,points_postal_3,USP355,3679977,,all,55,,,,2-digit postcode area,2018,USA,US,,,,,,,0,108975,"[-92.8489,46.0428]","[-94.976,43.4923,-88.4224,48.4808]"
pos3,postal,3,mapbox.boundaries-pos3-v3,boundaries_postal_3,mapbox.boundaries-posPoints-v3,points_postal_3,USP356,3614441,,all,56,,,,2-digit postcode area,2018,USA,US,,,,,,,0,207717,"[-94.8273,46.319]","[-97.2391,43.4994,-92.626,49.3831]"
pos3,postal,3,mapbox.boundaries-pos3-v3,boundaries_postal_3,mapbox.boundaries-posPoints-v3,points_postal_3,USP357,3548905,,all,57,,,,2-digit postcode area,2018,USA,US,,,,,,,0,280101,"[-100.2539,44.3733]","[-104.4118,42.4797,-96.3923,46.2055]"
pos3,postal,3,mapbox.boundaries-pos3-v3,boundaries_postal_3,mapbox.boundaries-posPoints-v3,points_postal_3,USP358,3352297,,all,58,,,,2-digit postcode area,2018,USA,US,,,,,,,0,266637,"[-100.2564,47.4434]","[-104.0937,45.8387,-96.4935,49.0007]"
pos3,postal,3,mapbox.boundaries-pos3-v3,boundaries_postal_3,mapbox.boundaries-posPoints-v3,points_postal_3,USP359,3286761,,all,59,,,,2-digit postcode area,2018,USA,US,,,,,,,0,574344,"[-109.3413,46.6682]","[-116.0715,44.2302,-103.6008,49.0011]"
pos3,postal,3,mapbox.boundaries-pos3-v3,boundaries_postal_3,mapbox.boundaries-posPoints-v3,points_postal_3,USP360,1910505,,all,60,,,,2-digit postcode area,2018,USA,US,,,,,,,0,28864,"[-88.0316,41.4098]","[-89.1124,40.3007,-87.5078,42.4979]"
pos3,postal,3,mapbox.boundaries-pos3-v3,boundaries_postal_3,mapbox.boundaries-posPoints-v3,points_postal_3,USP361,1844969,,all,61,,,,2-digit postcode area,2018,USA,US,,,,,,,0,70711,"[-89.7637,40.9389]","[-91.1142,39.3312,-87.5293,42.5085]"
pos3,postal,3,mapbox.boundaries-pos3-v3,boundaries_postal_3,mapbox.boundaries-posPoints-v3,points_postal_3,USP362,1779433,,all,62,,,,2-digit postcode area,2018,USA,US,,,,,,,0,91449,"[-88.8564,38.8811]","[-91.5131,36.9703,-87.4952,40.7424]"
pos3,postal,3,mapbox.boundaries-pos3-v3,boundaries_postal_3,mapbox.boundaries-posPoints-v3,points_postal_3,USP363,1713897,,all,63,,,,2-digit postcode area,2018,USA,US,,,,,,,0,74670,"[-90.8986,38.3415]","[-93.334,35.9957,-89.099,40.6136]"
pos3,postal,3,mapbox.boundaries-pos3-v3,boundaries_postal_3,mapbox.boundaries-posPoints-v3,points_postal_3,USP364,1648361,,all,64,,,,2-digit postcode area,2018,USA,US,,,,,,,0,64316,"[-94.1028,38.5711]","[-95.7,36.4987,-92.7883,40.5844]"
pos3,postal,3,mapbox.boundaries-pos3-v3,boundaries_postal_3,mapbox.boundaries-posPoints-v3,points_postal_3,USP365,2238185,,all,65,,,,2-digit postcode area,2018,USA,US,,,,,,,0,91824,"[-92.2729,38.0857]","[-94.2752,36.4561,-90.9729,39.6803]"
pos3,postal,3,mapbox.boundaries-pos3-v3,boundaries_postal_3,mapbox.boundaries-posPoints-v3,points_postal_3,USP366,2172649,,all,66,,,,2-digit postcode area,2018,USA,US,,,,,,,0,80006,"[-95.8356,38.5457]","[-99.1612,36.9986,-94.5808,40.0596]"
pos3,postal,3,mapbox.boundaries-pos3-v3,boundaries_postal_3,mapbox.boundaries-posPoints-v3,points_postal_3,USP367,2107113,,all,67,,,,2-digit postcode area,2018,USA,US,,,,,,,0,192371,"[-99.5795,38.4809]","[-102.0518,36.9276,-94.9257,40.0032]"
pos3,postal,3,mapbox.boundaries-pos3-v3,boundaries_postal_3,mapbox.boundaries-posPoints-v3,points_postal_3,USP368,2041577,,all,68,,,,2-digit postcode area,2018,USA,US,,,,,,,0,140891,"[-98.0735,41.5203]","[-100.534,39.9436,-95.3083,43.0593]"
pos3,postal,3,mapbox.boundaries-pos3-v3,boundaries_postal_3,mapbox.boundaries-posPoints-v3,points_postal_3,USP369,1976041,,all,69,,,,2-digit postcode area,2018,USA,US,,,,,,,0,128405,"[-102.2601,41.651]","[-104.0535,40.0016,-99.5977,43.2597]"
pos3,postal,3,mapbox.boundaries-pos3-v3,boundaries_postal_3,mapbox.boundaries-posPoints-v3,points_postal_3,USP370,337641,,all,70,,,,2-digit postcode area,2018,USA,US,,,,,,,0,70046,"[-92.0668,30.0804]","[-93.9044,28.9175,-88.8201,31.0668]"
pos3,postal,3,mapbox.boundaries-pos3-v3,boundaries_postal_3,mapbox.boundaries-posPoints-v3,points_postal_3,USP371,206569,,all,71,,,,2-digit postcode area,2018,USA,US,,,,,,,0,124196,"[-92.5496,32.7149]","[-94.5419,30.5456,-90.8756,34.8335]"
pos3,postal,3,mapbox.boundaries-pos3-v3,boundaries_postal_3,mapbox.boundaries-posPoints-v3,points_postal_3,USP372,75497,,all,72,,,,2-digit postcode area,2018,USA,US,,,,,,,0,113535,"[-92.3002,35.2926]","[-94.6179,33.9375,-89.6444,36.6245]"
pos3,postal,3,mapbox.boundaries-pos3-v3,boundaries_postal_3,mapbox.boundaries-posPoints-v3,points_postal_3,USP373,6498025,,all,73,,,,2-digit postcode area,2018,USA,US,,,,,,,0,122047,"[-98.5706,35.4459]","[-103.0024,30.2304,-96.3027,37.1383]"
pos3,postal,3,mapbox.boundaries-pos3-v3,boundaries_postal_3,mapbox.boundaries-posPoints-v3,points_postal_3,USP374,6432489,,all,74,,,,2-digit postcode area,2018,USA,US,,,,,,,0,101550,"[-95.8538,35.3253]","[-97.7651,33.6158,-94.4307,36.9997]"
pos3,postal,3,mapbox.boundaries-pos3-v3,boundaries_postal_3,mapbox.boundaries-posPoints-v3,points_postal_3,USP375,6366953,,all,75,,,,2-digit postcode area,2018,USA,US,,,,,,,0,100999,"[-95.4064,32.2348]","[-97.1834,30.4739,-93.508,33.9627]"
pos3,postal,3,mapbox.boundaries-pos3-v3,boundaries_postal_3,mapbox.boundaries-posPoints-v3,points_postal_3,USP376,861929,,all,76,,,,2-digit postcode area,2018,USA,US,,,,,,,0,162112,"[-98.0561,32.2503]","[-102.2982,29.9867,-96.2946,34.4588]"
pos3,postal,3,mapbox.boundaries-pos3-v3,boundaries_postal_3,mapbox.boundaries-posPoints-v3,points_postal_3,USP377,730857,,all,77,,,,2-digit postcode area,2018,USA,US,,,,,,,0,75332,"[-95.1443,29.848]","[-97.7661,28.0641,-93.6882,31.3936]"
pos3,postal,3,mapbox.boundaries-pos3-v3,boundaries_postal_3,mapbox.boundaries-posPoints-v3,points_postal_3,USP378,599785,,all,78,,,,2-digit postcode area,2018,USA,US,,,,,,,0,169983,"[-98.9431,28.4497]","[-102.4427,25.8372,-96.2436,30.9991]"
pos3,postal,3,mapbox.boundaries-pos3-v3,boundaries_postal_3,mapbox.boundaries-posPoints-v3,points_postal_3,USP379,468713,,all,79,,,,2-digit postcode area,2018,USA,US,,,,,,,0,300111,"[-101.2401,32.8159]","[-106.6456,28.9717,-99.1652,36.5006]"
pos3,postal,3,mapbox.boundaries-pos3-v3,boundaries_postal_3,mapbox.boundaries-posPoints-v3,points_postal_3,USP380,5056233,,all,80,,,,2-digit postcode area,2018,USA,US,,,,,,,0,135897,"[-104.2673,39.7604]","[-107.2224,38.4038,-101.9472,41.0907]"
pos3,postal,3,mapbox.boundaries-pos3-v3,boundaries_postal_3,mapbox.boundaries-posPoints-v3,points_postal_3,USP381,4925161,,all,81,,,,2-digit postcode area,2018,USA,US,,,,,,,0,213490,"[-107.7079,39.1717]","[-109.2712,36.7014,-101.8806,41.5579]"
pos3,postal,3,mapbox.boundaries-pos3-v3,boundaries_postal_3,mapbox.boundaries-posPoints-v3,points_postal_3,USP382,4794089,,all,82,,,,2-digit postcode area,2018,USA,US,,,,,,,0,316310,"[-107.077,43.0026]","[-111.0569,40.7842,-103.8697,45.0587]"
pos3,postal,3,mapbox.boundaries-pos3-v3,boundaries_postal_3,mapbox.boundaries-posPoints-v3,points_postal_3,USP383,4663017,,all,83,,,,2-digit postcode area,2018,USA,US,,,,,,,0,311229,"[-115.1876,45.4112]","[-117.243,41.5775,-109.849,49.0009]"
pos3,postal,3,mapbox.boundaries-pos3-v3,boundaries_postal_3,mapbox.boundaries-posPoints-v3,points_postal_3,USP384,4597481,,all,84,,,,2-digit postcode area,2018,USA,US,,,,,,,0,292604,"[-111.5498,39.2939]","[-114.0529,36.404,-108.8154,42.08]"
pos3,postal,3,mapbox.boundaries-pos3-v3,boundaries_postal_3,mapbox.boundaries-posPoints-v3,points_postal_3,USP385,4531945,,all,85,,,,2-digit postcode area,2018,USA,US,,,,,,,0,190160,"[-111.863,33.2719]","[-114.8166,31.3322,-109.0454,35.1707]"
pos3,postal,3,mapbox.boundaries-pos3-v3,boundaries_postal_3,mapbox.boundaries-posPoints-v3,points_postal_3,USP386,4466409,,all,86,,,,2-digit postcode area,2018,USA,US,,,,,,,0,158905,"[-111.8557,35.5214]","[-114.7547,34.0131,-109.0069,37.0016]"
pos3,postal,3,mapbox.boundaries-pos3-v3,boundaries_postal_3,mapbox.boundaries-posPoints-v3,points_postal_3,USP387,5514985,,all,87,,,,2-digit postcode area,2018,USA,US,,,,,,,0,192233,"[-107.2974,34.7807]","[-109.2237,32.5008,-103.4561,37.0002]"
pos3,postal,3,mapbox.boundaries-pos3-v3,boundaries_postal_3,mapbox.boundaries-posPoints-v3,points_postal_3,USP388,5383913,,all,88,,,,2-digit postcode area,2018,USA,US,,,,,,,0,188675,"[-104.4844,34.2143]","[-115.3045,31.3322,-102.9688,37.0002]"
pos3,postal,3,mapbox.boundaries-pos3-v3,boundaries_postal_3,mapbox.boundaries-posPoints-v3,points_postal_3,USP389,5187305,,all,89,,,,2-digit postcode area,2018,USA,US,,,,,,,0,375406,"[-116.7303,38.5916]","[-120.0065,35.0019,-114.0395,42.0038]"
pos3,postal,3,mapbox.boundaries-pos3-v3,boundaries_postal_3,mapbox.boundaries-posPoints-v3,points_postal_3,USP390,3155689,,all,90,,,,2-digit postcode area,2018,USA,US,,,,,,,0,2959,"[-118.1791,33.9329]","[-119.0683,32.7997,-117.9151,34.1614]"
pos3,postal,3,mapbox.boundaries-pos3-v3,boundaries_postal_3,mapbox.boundaries-posPoints-v3,points_postal_3,USP391,3024617,,all,91,,,,2-digit postcode area,2018,USA,US,,,,,,,0,8999,"[-118.3937,34.271]","[-119.0063,32.5343,-116.1058,34.6662]"
pos3,postal,3,mapbox.boundaries-pos3-v3,boundaries_postal_3,mapbox.boundaries-posPoints-v3,points_postal_3,USP392,2893545,,all,92,,,,2-digit postcode area,2018,USA,US,,,,,,,0,120904,"[-116.1319,34.8682]","[-118.0999,32.5349,-114.1312,37.0599]"
pos3,postal,3,mapbox.boundaries-pos3-v3,boundaries_postal_3,mapbox.boundaries-posPoints-v3,points_postal_3,USP393,2762473,,all,93,,,,2-digit postcode area,2018,USA,US,,,,,,,0,147346,"[-119.0186,36.2571]","[-121.9788,33.2148,-116.9233,38.3689]"
pos3,postal,3,mapbox.boundaries-pos3-v3,boundaries_postal_3,mapbox.boundaries-posPoints-v3,points_postal_3,USP394,2565865,,all,94,,,,2-digit postcode area,2018,USA,US,,,,,,,0,14144,"[-121.8592,37.6674]","[-123.1026,37.0971,-121.2822,38.8642]"
pos3,postal,3,mapbox.boundaries-pos3-v3,boundaries_postal_3,mapbox.boundaries-posPoints-v3,points_postal_3,USP395,2434793,,all,95,,,,2-digit postcode area,2018,USA,US,,,,,,,0,126074,"[-121.9932,39.1586]","[-124.415,36.1968,-119.1962,42.0008]"
pos3,postal,3,mapbox.boundaries-pos3-v3,boundaries_postal_3,mapbox.boundaries-posPoints-v3,points_postal_3,USP396,2369257,,all,96,,,,2-digit postcode area,2018,USA,US,,,,,,,0,114354,"[-122.4181,40.0571]","[-187.5552,18.9107,-119.0881,53.0135]"
pos3,postal,3,mapbox.boundaries-pos3-v3,boundaries_postal_3,mapbox.boundaries-posPoints-v3,points_postal_3,USP397,2303721,,all,97,,,,2-digit postcode area,2018,USA,US,,,,,,,0,353655,"[-120.5095,44.1521]","[-124.6065,41.9921,-116.3299,46.2556]"
pos3,postal,3,mapbox.boundaries-pos3-v3,boundaries_postal_3,mapbox.boundaries-posPoints-v3,points_postal_3,USP398,3483369,,all,98,,,,2-digit postcode area,2018,USA,US,,,,,,,0,169230,"[-120.7118,47.3013]","[-124.7435,45.5435,-118.8352,49.0024]"
pos3,postal,3,mapbox.boundaries-pos3-v3,boundaries_postal_3,mapbox.boundaries-posPoints-v3,points_postal_3,USP399,3417833,,all,99,,,,2-digit postcode area,2018,USA,US,,,,,,,0,3580225,"[-151.0647,64.3151]","[-179.1472,45.6944,-116.7301,71.3885]"
